"num";"region";"country"
"1";"AUSTRIA";"YES"
"2";"Bośnia i Hercegowina";"YES"
"3";"Bułgaria";"YES"
"5";"CHORWACJA";"YES"
"6";"CYPR";"YES"
"8";"Czarnogóra";"YES"
"9";"CZECHY";"YES"
"10";"DOMINIKANA";"YES"
"11";"Egipt";"YES"
"13";"FRANCJA";"YES"
"14";"GRECJA";"YES"
"15";"HISZPANIA";"YES"
"18";"JAMAJKA";"YES"
"19";"KENIA";"YES"
"21";"KUBA";"YES"
"22";"LITWA";"YES"
"24";"Malediwy";"YES"
"26";"MALTA";"YES"
"27";"MAROKO";"YES"
"28";"MAURITIUS";"YES"
"29";"MEKSYK";"YES"
"31";"PORTUGALIA";"YES"
"32";"RUMUNIA";"YES"
"34";"SINGAPUR";"YES"
"36";"SRI LANKA";"YES"
"38";"TUNEZJA";"YES"
"39";"TURCJA";"YES"
"40";"UKRAINA";"YES"
"41";"Węgry";"YES"
"42";"WENEZUELA";"YES"
"43";"WIELKA BRYTANIA";"YES"
"44";"Włochy";"YES"
"47";"BRAZYLIA";"YES"
"49";"TAJLANDIA";"YES"
"50";"BIRMA";"YES"
"51";"Kambodża";"YES"
"52";"LAOS";"YES"
"54";"IZRAEL";"YES"
"55";"JORDANIA";"YES"
"56";"DANIA";"YES"
"58";"NIEMCY";"YES"
"59";"POLSKA";"YES"
"61";"Słowacja";"YES"
"62";"SZWAJCARIA";"YES"
"64";"SENEGAL";"YES"
"65";"ESTONIA";"YES"
"67";"ROSJA";"YES"
"197";"CHINY";"YES"
"243";"INDIE";"YES"
"244";"PERU";"YES"
"248";"JAPONIA";"YES"
"263";"Słowenia";"YES"
"264";"";"YES"
"284";"HOLANDIA";"YES"
"285";"BELGIA";"YES"
"286";"ISLANDIA";"YES"
"288";"Anglia";"YES"
"290";"SZKOCJA";"YES"
"291";"IRLANDIA";"YES"
"333";"SYCYLIA";"YES"
"370";"GAMBIA";"YES"
"371";"MADERA";"YES"
"372";"EMIRATY ARABSKIE";"YES"
"411";"Australia";"YES"
"412";"ETIOPIA";"YES"
"413";"INDONEZJA";"YES"
"414";"KANADA";"YES"
"415";"Korea Południowa";"YES"
"416";"KOSTARYKA";"YES"
"417";"NOWA ZELANDIA";"YES"
"418";"ZAMBIA";"YES"
"448";"ANDORA";"YES"
"475";"CANET-PLAGE";"YES"
"685";"TOSCOLANO";"YES"
"776";"Portoryko";"YES"
"800";"ARUBA";"YES"
"801";"Wyspy Zielonego Przylądka";"YES"
"802";"INDIA";"YES"
"2187";"FINLANDIA";"YES"
"2285";"Argentyna";"YES"
"2391";"NORWEGIA";"YES"
"2499";"CHILE";"YES"
"2500";"PANAMA";"YES"
"2501";"REUNION";"YES"
"2598";"REPUBLIKA POłUDNIOWEJ AFRYKI";"YES"
"2599";"MALEZJA";"YES"
"2602";"NAMIBIA";"YES"
"2603";"FILIPINY";"YES"
"2607";"MADAGASKAR";"YES"
"2855";"ZANZIBAR";"YES"
"2925";"SESZELE";"YES"
"2987";"KOREA";"YES"
"2988";"POLINEZJA FRANCUSKA";"YES"
"2989";"TANZANIA";"YES"
"2991";"SZWECJA";"YES"
"3012";"BERMUDY";"YES"
"3015";"CURACAO ";"YES"
"3018";"BAHAMY";"YES"
"3020";"KOLUMBIA";"YES"
"3022";"KARAIBY";"YES"
"3025";"Botswana";"YES"
"3026";"ANTARKTYDA";"YES"
"3027";"IRAN";"YES"
"3028";"NEPAL";"YES"
"3029";"UGANDA";"YES"
"3030";"WIETNAM";"YES"
"3225";"Malawi";"YES"
"3247";"MOZAMBIK";"YES"
"3248";"KAZACHSTAN";"YES"
"3269";"ALBANIA";"YES"
"3295";"EKWADOR";"YES"
"3319";"PALERMO";"YES"
"3329";"GWATEMALA";"YES"
"3414";"SERBIA";"YES"
"3441";"MONGOLIA";"YES"
"3443";"Armenia";"YES"
"3444";"MALI";"YES"
"3488";"BHUTAN";"YES"
"3500";"Liechtenstein";"YES"
"3629";"STANY ZJEDNOCZONE";"YES"
"3647";"UZBEKISTAN";"YES"
"3648";"Turkmenistan";"YES"
"3693";"REJSY";"YES"
"3810";"Azerbejdżan";"YES"
"3911";"LIBAN";"YES"
"3914";"RWANDA ";"YES"
"4219";"Gruzja";"YES"
"4221";"Fidżi";"YES"
"4337";"MOłDAWIA";"YES"
"4517";"BOLIWIA";"YES"
"4534";"Oman";"YES"
"4599";"ALGIERIA";"YES"
"5764";"Macedonia";"YES"
"5767";"Białoruś";"YES"
"5784";"BANGLADESZ";"YES"
"5786";"GHANA";"YES"
"5787";"KAMERUN";"YES"
"5791";"PAPUA NOWA GWINEA";"YES"
"5792";"SUDAN";"YES"
"5793";"Burundi";"YES"
"5794";"Dżibuti";"YES"
"5795";"Gwadelupa";"YES"
"5796";"Koreańska Republika Ludowa";"YES"
"5820";"Gujana Francuska";"YES"
"5822";"ZIMBABWE";"YES"
"5831";"Luksemburg ";"YES"
"6098";"BELIZE";"YES"
"6121";"Łotwa";"YES"
"6183";"PERUGIA";"YES"
"6456";"ST. DOMENICA DI RICADI";"YES"
"6480";"GASCHURN";"YES"
"6498";"LINZ";"YES"
"6617";"MORAITIKA";"YES"
"6728";"MAGNY-LE-HONGRE";"YES"
"6844";"LONDON";"YES"
"6859";"OSSIACH";"YES"
"6867";"WILHELMSHAVEN";"YES"
"6886";"TABARZ";"YES"
"6922";"BALATONFÜRED";"YES"
"6943";"ASCONA";"YES"
"7055";"SERFAUS";"YES"
"7095";"ELIA";"YES"
"7203";"SANDTON";"YES"
"7351";"LEVICO TERME";"YES"
"7401";"LUTTACH";"YES"
"7438";"WIESBADEN";"YES"
"7449";"DURBAN";"YES"
"7450";"BARCELONA";"YES"
"7467";"WILLINGEN";"YES"
"7468";"WILLINGEN-USSELN";"YES"
"7472";"WINTERBERG";"YES"
"7508";"STEGERSBACH";"YES"
"7563";"PUERTO DEL CARMEN";"YES"
"7773";"MARCIALLA";"YES"
"7788";"UMHLANGA";"YES"
"7890";"TRAVEMÜNDE";"YES"
"7896";"TIMMENDORFER STRAND";"YES"
"7970";"VELDEN";"YES"
"8191";"ST. PETER-ORDING";"YES"
"8264";"TEISTUNGEN";"YES"
"8423";"PERISSA";"YES"
"8993";"DAUN";"YES"
"9002";"Palau";"YES"
"9042";"SCARLINO";"YES"
"9045";"ORBETELLO";"YES"
"9062";"WERNIGERODE";"YES"
"9085";"COLMAR";"YES"
"9087";"STRASBOURG";"YES"
"9092";"ROM";"YES"
"9272";"GARDONE RIVIERA";"YES"
"9334";"STRALSUND";"YES"
"9337";"WARNEMÜNDE";"YES"
"9342";"ZINGST";"YES"
"9351";"WISMAR";"YES"
"9432";"LA TRANCHE-SUR-MER";"YES"
"9564";"LOS LLANOS DE ARIDANE";"YES"
"9666";"DAVOS DORF";"YES"
"9679";"PUERTO DE LA CRUZ";"YES"
"9759";"WÜRZBURG";"YES"
"9901";"WINDHOEK";"YES"
"9940";"MUENCHEN";"YES"
"10122";"NEW YORK";"YES"
"10257";"TRAT";"YES"
"10300";"WEISKIRCHEN";"YES"
"10429";"STOCKHOLM";"YES"
"10540";"OBERHAUSEN";"YES"
"10646";"RIPARBELLA";"YES"
"10714";"IORDANIA";"YES"
"37863";"Trynidad i Tobago";"YES"
"38010";"DENPASAR";"YES"
"38441";"Katar";"YES"
"38464";"Suazi";"YES"
"38512";"Benin";"YES"
"38516";"Nigeria";"YES"
"38519";"Kongo";"YES"
"38523";"Tadżykistan";"YES"
"38524";"Kirgistan";"YES"
"38525";"Irak";"YES"
"38526";"Arabia Saudyjska";"YES"
"38527";"Tajwan";"YES"
"38528";"Wyspy Salomona";"YES"
"38529";"Vanuatu";"YES"
"38531";"Surinam";"YES"
"38532";"Paragwaj";"YES"
"38533";"Urugwaj";"YES"
"38536";"Salwador";"YES"
"38537";"Nikaragua";"YES"
"38546";"Komory";"YES"
"38589";"Kosowo ";"YES"
"38720";"Walia ";"YES"
"38721";"Irlandia Północna ";"YES"
"38797";"Księstwo Monako ";"YES"
"38960";"CZECH REPUBLIC";"YES"
"38961";"FRANCE";"YES"
"38962";"NETHERLANDS";"YES"
"39157";"RUSSIA";"YES"
"39164";"REPUBBLICA CECA";"YES"
"39172";"PAESI BASSI";"YES"
"39175";"TURCHIA";"YES"
"39538";"ARGENTINA";"YES"
"39544";"COLOMBIA";"YES"
"39549";"INDONESIA";"YES"
"39861";"SAN MARINO";"YES"
"39879";"Togo";"YES"
"39883";"BURKINA FASO";"YES"
"40041";"Nowa Kaledonia";"YES"
"40081";"KUWAIT";"YES"
"40089";"SAINT LUCIA";"YES"
"40093";"GRENADA";"YES"
"40103";"Samoa";"YES"
"40104";"Tonga";"YES"
"40106";"SAINT KITTS AND NEVIS";"YES"
"40511";"NAMIBIA - BOTSWANA - ZIMBABWE";"YES"
"40761";"Bahrajn";"YES"
"41111";"SANTA CLARA";"YES"
"41130";"BOTSWANA - ZAMBIA - MOZAMBIK";"YES"
"41211";"ANGUILLA";"YES"
"41238";"NUOVA ZELANDA";"YES"
"41243";"BRASILE";"YES"
"41493";"THAILANDIA";"YES"
"41514";"RIO SAN JUAN";"YES"
"41515";"PLAYA SANTANA";"YES"
"50085";"Gujana";"YES"
"50086";"Kuwejt";"YES"
"50104";"LIZBONA";"YES"
"50163";"CINA";"YES"
"50197";"NIECHORZE";"YES"
"50320";"TRKIYE";"YES"
"50418";"JERICOACOARA";"YES"
"51088";"EMIRATI ARABI UNITI";"YES"
"51124";"Majotta";"YES"
"51487";"RUNDREISEN";"YES"
"51571";"WC2B 4BU";"YES"
"51672";"VILANOVA I LA GELTRU";"YES"
"51724";"ILAWA";"YES"
"51801";"TURKIYE";"YES"
"51867";"SWINEMUNDE";"YES"
"51891";"DONORATICO (LI.)";"YES"
"51970";"ARGENTYNA - CHILE";"YES"
"51975";"NAMIBIA - BOTSWANA - ZIMBABWE - RPA";"YES"
"52027";"TURKEI";"YES"
"52033";"FRANCJA/NIEMCY";"YES"
"52115";"JAPOONIA";"YES"
"52186";"Arktyka";"YES"
"52188";"CAPO VERDE";"YES"
"52201";"KKTC";"YES"
"52418";"VAE";"YES"
"1";"ABU DHABI";"NO"
"2";"AGADIR";"NO"
"3";"ALANYA";"NO"
"10";"ALANYA-KONAKLI";"NO"
"13";"ANDALUZJA";"NO"
"14";"ANTALYA";"NO"
"17";"AYIA NAPA";"NO"
"20";"BALI";"NO"
"21";"BANGKOK";"NO"
"23";"BELEK";"NO"
"25";"BODRUM";"NO"
"26";"BORACAY ";"NO"
"31";"CANCUN";"NO"
"36";"CHANIA ";"NO"
"37";"CHORWACJA";"NO"
"39";"COSTA BRAVA";"NO"
"40";"COSTA DEL SOL";"NO"
"44";"DALMACJA";"NO"
"45";"DJERBA";"NO"
"46";"DUBAJ";"NO"
"48";"FETHIYE";"NO"
"50";"FUERTEVENTURA";"NO"
"55";"GRAN CANARIA";"NO"
"57";"HAMMAMET";"NO"
"61";"HERAKLION";"NO"
"63";"HONGKONG";"NO"
"64";"HURGHADA";"NO"
"65";"ISTRIA";"NO"
"71";"KATANIA";"NO"
"73";"KEMER";"NO"
"83";"KORFU";"NO"
"84";"KOS";"NO"
"87";"Rabat";"NO"
"89";"KRETA";"NO"
"91";"KUALA LUMPUR";"NO"
"92";"KVARNER";"NO"
"93";"LANZAROTE";"NO"
"94";"LARNAKA";"NO"
"100";"LIMASSOL";"NO"
"103";"Lwów";"NO"
"104";"MAHDIA";"NO"
"105";"MAJORKA";"NO"
"108";"MALAGA";"NO"
"110";"MALE";"NO"
"112";"MALTA";"NO"
"115";"MAURITIUS";"NO"
"117";"MONASTIR";"NO"
"119";"MONTEGO BAY";"NO"
"122";"NEUM";"NO"
"123";"OBZOR";"NO"
"127";"Paphos";"NO"
"144";"PUERTO PLATA";"NO"
"145";"PUNTA CANA";"NO"
"148";"RIMINI";"NO"
"149";"RIWIERA OLIMPIJSKA";"NO"
"150";"RODOS";"NO"
"152";"SALONIKI";"NO"
"154";"Sharm El Sheikh";"NO"
"156";"SIDE";"NO"
"168";"SOUSSE";"NO"
"169";"SRI LANKA";"NO"
"175";"SYCYLIA";"NO"
"176";"TENERYFA";"NO"
"177";"THASSOS";"NO"
"179";"TUNIS";"NO"
"182";"VARADERO";"NO"
"187";"Wiedeń";"NO"
"190";"ZADAR ";"NO"
"191";"Złote Piaski";"NO"
"193";"Dahab";"NO"
"196";"Marmaris";"NO"
"200";"Słoneczny Brzeg";"NO"
"203";"Taba";"NO"
"205";"Wybrzeże Południowe";"NO"
"215";"KENIA";"NO"
"216";"MEKSYK";"NO"
"217";"TAJLANDIA";"NO"
"228";"MARSA ALAM";"NO"
"510";"DUBROWNIK ";"NO"
"603";"PESCARA ";"NO"
"615";"POMORZE";"NO"
"617";"POREC";"NO"
"724";"NEGRIL";"NO"
"727";"Riviera Maya";"NO"
"837";"SOFIA";"NO"
"927";"PUERTO DEL CARMEN";"NO"
"934";"SERFAUS ";"NO"
"938";"SLASKIE ";"NO"
"950";"KARYNTIA";"NO"
"957";"WILNO";"NO"
"967";"Anglia";"NO"
"969";"TUNEZJA";"NO"
"1066";"ZAKYNTHOS";"NO"
"1084";"NISKIE TATRY";"NO"
"1090";"POLSKA";"NO"
"1102";"WALLIS";"NO"
"1104";"WYSOKIE TATRY";"NO"
"1109";"BALATON";"NO"
"1120";"LECCE";"NO"
"1132";"TOSCOLANO";"NO"
"1139";"COSTA DE LA LUZ";"NO"
"1141";"DALYAN ";"NO"
"1142";"Karpathos";"NO"
"1155";"RUNDREISE";"NO"
"1201";"GRYZONIA";"NO"
"1208";"TYROL";"NO"
"1210";"WYSPA HVAR";"NO"
"1212";"WYSPA KRK";"NO"
"1213";"WYSPA PAG";"NO"
"1219";"LOMBARDIA";"NO"
"1220";"PIEMONT";"NO"
"1223";"RIWIERA ADRIATYCKA";"NO"
"1227";"Trentino";"NO"
"1235";"WYSPA KORCULA";"NO"
"1247";"WYSPA RAB";"NO"
"1257";"LIGURIA";"NO"
"1259";"Toskania";"NO"
"1260";"VENETO";"NO"
"1263";"CAMPANIA ";"NO"
"1273";"Sardynia";"NO"
"1274";"JEZIORO GARDA";"NO"
"1278";"ZAGRZEB ";"NO"
"1279";"KALABRIA";"NO"
"1304";"WYBRZEżE PółNOCNE";"NO"
"1321";"ALGARVE";"NO"
"1324";"CHALKIDIKI";"NO"
"1332";"Riwiera Turecka ";"NO"
"1334";"WARNA";"NO"
"1348";"Rio San Juan";"NO"
"1356";"MARCHE";"NO"
"1373";"FORTALEZA";"NO"
"1374";"INDIE";"NO"
"1388";"TOKIO";"NO"
"1402";"BERLIN";"NO"
"1411";"";"NO"
"1421";"Dalaman - Fethiye";"NO"
"1424";"SANTO DOMINGO";"NO"
"1447";"ALPY FRANCUSKIE";"NO"
"1448";"ATENY";"NO"
"1450";"RZYM";"NO"
"1451";"AMSTERDAM";"NO"
"1454";"BRUKSELA";"NO"
"1458";"Kusadasi";"NO"
"1459";"LESBOS";"NO"
"1463";"BUDAPESZT";"NO"
"1465";"SZKOCJA";"NO"
"1474";"BARCELONA";"NO"
"1475";"PIRENEJE";"NO"
"1478";"LONDYN";"NO"
"1479";"EDYNBURG";"NO"
"1491";"LIZBONA";"NO"
"1492";"MADRYT";"NO"
"1493";"PELOPONEZ";"NO"
"1494";"UMBRIA";"NO"
"1496";"DUBLIN";"NO"
"1499";"Riwiera Czarnogórska";"NO"
"1507";"NEAPOL";"NO"
"1538";"WYSPA BRAC";"NO"
"1539";"WYSPA MURTER";"NO"
"1566";"AOSTA";"NO"
"1597";"WENECJA";"NO"
"1620";"IMPERIA ";"NO"
"1676";"POITOU-CHARENTES ";"NO"
"1682";"WYSPA UGLJAN";"NO"
"1716";"CHORWACJA ŚRODKOWA";"NO"
"1717";"CZECHY ŚRODKOWE";"NO"
"1720";"WęGRY ŚRODKOWE";"NO"
"1733";"LAGOS ";"NO"
"1740";"KAMPANIA";"NO"
"1748";"Dalmacja Północna";"NO"
"1749";"DALMACJA POłUDNIOWA";"NO"
"1772";"ABRUZJA";"NO"
"1775";"KUBA";"NO"
"1776";"MADERA";"NO"
"1778";"CATANIA";"NO"
"1799";"PARYż";"NO"
"1827";"NAXOS";"NO"
"1834";"AUSTRALIA ";"NO"
"1845";"AMMAN";"NO"
"1851";"AQABA";"NO"
"1857";"BRATYSłAWA";"NO"
"1858";"LAZIO";"NO"
"1859";"RIWIERA SłOWEńSKA";"NO"
"1861";"WYSPA VIS";"NO"
"1892";"CANET-PLAGE";"NO"
"1947";"PISTOIA ";"NO"
"2013";"HAVANA";"NO"
"2057";"KATALONIA";"NO"
"2058";"ALICANTE";"NO"
"2059";"APULIA";"NO"
"2063";"COSTA BLANCA";"NO"
"2064";"COSTA DORADA ";"NO"
"2065";"HAWANA";"NO"
"2066";"LAZUROWE WYBRZeżE";"NO"
"2068";"WYBRZEżE MORZA CZARNEGO";"NO"
"2070";"WYSPY KANARYJSKIE";"NO"
"2144";"ARUBA";"NO"
"2147";"LIMA";"NO"
"2148";"MEXICO CITY";"NO"
"2160";"FUJAIRAH";"NO"
"2170";"RAS AL KHAIMAH";"NO"
"2180";"LISBON ";"NO"
"2181";"MADRID";"NO"
"2186";"HELSINKI";"NO"
"2188";"ROME ";"NO"
"2197";"PRAGA";"NO"
"2286";"PUERTO DE LA CRUZ ";"NO"
"2292";"GóRNA AUSTRIA";"NO"
"2301";"Wyspa Dugi";"NO"
"2302";"EVIA";"NO"
"2310";"WENECJA EUGANEJSKA ";"NO"
"2313";"MORZE MARTWE";"NO"
"2316";"VERONA ";"NO"
"2318";"DOLNA AUSTRIA";"NO"
"2320";"STYRIA";"NO"
"2326";"PUKET ";"NO"
"2338";"GALICJA ";"NO"
"2345";"KARAIBY";"NO"
"2358";"WYBRZEżE LIGURYJSKIE";"NO"
"2366";"SłOWENIA ŚRODKOWA";"NO"
"2375";"JEROZOLIMA";"NO"
"2377";"WYSPA CRES";"NO"
"2422";"WYSPA MLJET";"NO"
"2434";"MORZE CZARNE";"NO"
"2436";"COSTA AZAHAR";"NO"
"2437";"COSTA BRAVO ";"NO"
"2442";"BESKIDY";"NO"
"2444";"Morze Bałtyckie";"NO"
"2448";"GARGANO";"NO"
"2503";"KOH CHANG";"NO"
"2505";"Panama City";"NO"
"2506";"REUNION";"NO"
"2507";"ACAPULCO";"NO"
"2508";"PUERTO VALLARTA";"NO"
"2510";"WYSPA MARGARITA";"NO"
"2511";"MALEDIWY";"NO"
"2519";"SAO PAULO";"NO"
"2522";"AZJA";"NO"
"2527";"PACYFIK ";"NO"
"2528";"SHARJAH";"NO"
"2529";"REGGIO DE CALABRIA ";"NO"
"2531";"WARSZAWA";"NO"
"2540";"BOLONIA ";"NO"
"2541";"GOA";"NO"
"2544";"Buenos Aires";"NO"
"2546";"NOWY JORK";"NO"
"2548";"PODLASIE";"NO"
"2552";"DENPASAR";"NO"
"2553";"ALASKA";"NO"
"2555";"OCEAN SPOKOJNY ";"NO"
"2593";"JAPONIA ";"NO"
"2616";"CYPR PółNOCNY";"NO"
"2618";"KUJAWY";"NO"
"2619";"MAÂłOPOLSKIE ";"NO"
"2624";"IBIZA";"NO"
"2625";"LA PALMA";"NO"
"2626";"Małopolska";"NO"
"2631";"MORZE CZERWONE";"NO"
"2635";"LA GOMERA ";"NO"
"2653";"WYBRZEżE LIZBOńSKIE";"NO"
"2695";"TATRY";"NO"
"2697";"DOLINA AOSTY";"NO"
"2729";"JOHANNESBURG";"NO"
"2731";"FLORYDA";"NO"
"2732";"HAWAJE";"NO"
"2733";"KALIFORNIA";"NO"
"2735";"MASSACHUSETTS";"NO"
"2737";"WINDHOEK ";"NO"
"2738";"CEBU";"NO"
"2741";"CZECHY POłUDNIOWE";"NO"
"2784";"NAIROBI";"NO"
"2788";"KAPSZTAD";"NO"
"2789";"TEL AVIV";"NO"
"2819";"PEKIN";"NO"
"2830";"LINZ";"NO"
"2834";"SAN JOSE";"NO"
"2855";"PIENINY";"NO"
"2866";"Wyspa Ciovo";"NO"
"2871";"BOCA CHICA ";"NO"
"2879";"MEDIOLAN";"NO"
"2893";"SAMANA";"NO"
"2896";"BESENOVA ";"NO"
"2910";"ZANZIBAR";"NO"
"2954";"GUANACASTE";"NO"
"2969";"RIO DE JANEIRO";"NO"
"2972";"MORAWY";"NO"
"2973";"SESZELE";"NO"
"2998";"RUDAWY ";"NO"
"3000";"SZUMAWY";"NO"
"3004";"Ayvalik";"NO"
"3005";"PALERMO";"NO"
"3009";"Kanał Panamski";"NO"
"3010";"MORZE ŚRóDZIEMNE";"NO"
"3026";"POLINEZJA FRANCUSKA";"NO"
"3032";"WARMIA I MAZURY";"NO"
"3043";"MORZE ARABSKIE";"NO"
"3048";"AMERYKA POłUDNIOWA";"NO"
"3049";"Europa Północna";"NO"
"3065";"FIORDY NORWESKIE";"NO"
"3066";"KARAIBY ZACHODNIE";"NO"
"3069";"MYKONOS ";"NO"
"3075";"WYC. OBJAZDOWE";"NO"
"3077";"JAMAJKA";"NO"
"3085";"Singapur";"NO"
"3114";"BARBADOS";"NO"
"3116";"BONAIRE";"NO"
"3117";"CURACAO";"NO"
"3121";"ST. LUCIA";"NO"
"3129";"ANTIGUA";"NO"
"3134";"TRANSPACYFIK ";"NO"
"3137";"AUSTRALIA I NOWA ZELANDIA";"NO"
"3155";"TRANSATLANTYK";"NO"
"3160";"CANBERRA ";"NO"
"3224";"PUGLIA";"NO"
"3258";"RPA ";"NO"
"3272";"EPIRUS";"NO"
"3291";"Azory";"NO"
"3293";"DOLNA SAKSONIA";"NO"
"3295";"JUKATAN";"NO"
"3297";"BORNEO";"NO"
"3300";"WIETNAM";"NO"
"3325";"ZATOKA PERSKA ";"NO"
"3326";"ISTAMBUł";"NO"
"3328";"SEUL";"NO"
"3332";"TAHITI";"NO"
"3334";"WIELKA FATRA";"NO"
"3339";"TRNAWA";"NO"
"3343";"BAWARIA";"NO"
"3344";"ATTYKA";"NO"
"3369";"WYSPA COCHE";"NO"
"3377";"BORA BORA";"NO"
"3380";"NICEA";"NO"
"3382";"HAINAN";"NO"
"3389";"WęGRY PółNOCNE";"NO"
"3390";"BRANDENBURGIA";"NO"
"3404";"BAHIA";"NO"
"3409";"BRABANCJA";"NO"
"3412";"SAKSONIA";"NO"
"3415";"BELGRAD";"NO"
"3431";"SZANGHAJ";"NO"
"3443";"EJLAT";"NO"
"3484";"OSLO";"NO"
"3485";"KOPENHAGA";"NO"
"3486";"SZTOKHOLM";"NO"
"3492";"ALPY SłOWEńSKIE";"NO"
"3519";"Formentera ";"NO"
"3523";"Hamburg";"NO"
"3529";"Schleswig-Holstein ";"NO"
"3547";"Picardie ";"NO"
"3555";"Sal";"NO"
"3577";"BADEN";"NO"
"3600";"CZESKIE KARKONOSZE";"NO"
"3604";"ZATOKA BISKAJSKA";"NO"
"3612";"PETERSBURG ";"NO"
"3634";"AUSTRALIA POłUDNIOWA";"NO"
"3635";"AUSTRALIA ZACHODNIA";"NO"
"3637";"NOWA POłUDNIOWA WALIA";"NO"
"3638";"QUEENSLAND";"NO"
"3639";"TASMANIA";"NO"
"3640";"TERYTORIUM PółNOCNE";"NO"
"3641";"VICTORIA";"NO"
"3646";"ROM";"NO"
"3648";"TROPICAL ISLANDS";"NO"
"3652";"Dolny Śląsk";"NO"
"3653";"ŚRODKOWA JUTLANDIA";"NO"
"3676";"FIORDY I NORDKAPP";"NO"
"3687";"TESALIA";"NO"
"3699";"CESME";"NO"
"3700";"MINORKA";"NO"
"3720";"ALPY BAWARSKIE";"NO"
"3750";"WYSPA ELBA";"NO"
"3755";"WYSPY BRYTYJSKIE ";"NO"
"3758";"PODKARPACIE";"NO"
"3761";"KANADA I NOWA ANGLIA";"NO"
"3762";"NATAL";"NO"
"3769";"BRETANIA";"NO"
"3777";"REYKJAVIK";"NO"
"3781";"SUDETY";"NO"
"3783";"SANKT PETERSBURG";"NO"
"3785";"BIESZCZADY";"NO"
"3786";"AYDIN ";"NO"
"3808";"POMORZE ZACHODNIE";"NO"
"3809";"Jezioro Como";"NO"
"3810";"JEZIORO ISEO";"NO"
"3857";"IZMIR";"NO"
"3868";"MONAKO ";"NO"
"3873";"Bergamo ";"NO"
"3874";"Costa Verde";"NO"
"3910";"Stockholm";"NO"
"3937";"Muenchen";"NO"
"3941";"Holguin";"NO"
"3948";"Samos";"NO"
"3973";"Karlove Vary";"NO"
"3985";"CZESKA SZWAJCARIA";"NO"
"3989";"JESENIKI";"NO"
"4014";"Meklemburgia";"NO"
"4023";"BESKIDY SłOWACKIE";"NO"
"4026";"ZIEMIA SALZBURSKA";"NO"
"4028";"Mała Fatra";"NO"
"4034";"OCEAN INDYJSKI";"NO"
"4045";"Ameryka Środkowa";"NO"
"4100";"WYSPA MALTA";"NO"
"4103";"WYSPA GOZO";"NO"
"4104";"ZACHODNIA PROWINCJA";"NO"
"4105";"POłUDNIOWA PROWINCJA";"NO"
"4109";"DELHI";"NO"
"4110";"MOSKWA";"NO"
"4115";"KADYKS";"NO"
"4117";"CIEGO DE AVILA";"NO"
"4126";"Discovery Bay";"NO"
"4130";"Wyspa Mahe";"NO"
"4131";"Wyspa Silhouette";"NO"
"4132";"VISAYAS";"NO"
"4133";"WYSPA PRASLIN";"NO"
"4135";"WYSPA LA DIGUE";"NO"
"4136";"PUNTARENAS";"NO"
"4137";"MOOREA-MAIAO";"NO"
"4150";"PANAMA PółNOCNA";"NO"
"4151";"PANAMA POłUDNIOWA";"NO"
"4164";"GóRY IZERSKIE";"NO"
"4180";"ZATOKA AKABA";"NO"
"4183";"BERNEńSKI OBERLAND";"NO"
"4185";"CENTRALNA SZWAJCARIA";"NO"
"4186";"TICINO";"NO"
"4187";"VALLNORD";"NO"
"4210";"LAPONIA";"NO"
"4211";"PIEMONTE ";"NO"
"4228";"ORAWA";"NO"
"4231";"CENTRALNA SłOWACJA";"NO"
"4232";"MARRAKESZ";"NO"
"4235";"NADDUNAJSKA DOLINA";"NO"
"4248";"Bandżul";"NO"
"4249";"Bornholm";"NO"
"4251";"TURCJA EGEJSKA";"NO"
"4259";"Main Island";"NO"
"4260";"New Providence";"NO"
"4261";"Tuamotu";"NO"
"4263";"KIJóW";"NO"
"4264";"BUKOWINA";"NO"
"4266";"Gwadelupa";"NO"
"4268";"Tahaa";"NO"
"4270";"Huahine";"NO"
"4277";"RIWIERA ALBAńSKA";"NO"
"4281";"Andaluzja - Costa Almeria";"NO"
"4289";"Jaworniki";"NO"
"4317";"San Juan";"NO"
"4319";"Dakar";"NO"
"4320";"Thies";"NO"
"4331";"PłN. - ZACH. PROWINCJA";"NO"
"4388";"GRECJA ŚRODKOWA";"NO"
"4450";"DANIA POłUDNIOWA";"NO"
"4452";"ZELANDIA";"NO"
"4461";"HANOI";"NO"
"4471";"SIENA";"NO"
"4473";"PORTO SANTO";"NO"
"4483";"Normandia";"NO"
"4531";"Luzon";"NO"
"4538";"Kair";"NO"
"4539";"Luksor";"NO"
"4545";"ADDU ATOL";"NO"
"4583";"Półwysep Malajski";"NO"
"4584";"Maskat";"NO"
"4585";"Musandam";"NO"
"4586";"Południowy Tyrol";"NO"
"4589";"SAIDIA";"NO"
"4597";"WYSPA LASTOVO";"NO"
"4602";"Apeniny Północne";"NO"
"4609";"MORZE ADRIATYCKIE";"NO"
"4610";"LUBELSKIE";"NO"
"4611";"Lubuskie";"NO"
"5690";"Tallinn";"NO"
"5696";"ZURYCH";"NO"
"5697";"MALE ATOL";"NO"
"5698";"ARI ATOL";"NO"
"5705";"RASDHOO ATOL";"NO"
"5706";"LHAVIYANI ATOL";"NO"
"5707";"BAA ATOL";"NO"
"5711";"RAA ATOL";"NO"
"5717";"PERUGIA";"NO"
"5720";"Anglia Płd. - Wsch.";"NO"
"5721";"WYSPA KORNATI";"NO"
"5736";"WIELKOPOLSKA";"NO"
"5740";"ŚWIęTOKRZYSKIE";"NO"
"5741";"MAZOWSZE";"NO"
"5743";"KORSYKA";"NO"
"5744";"Haa Alif Atol";"NO"
"5768";"MIńSK";"NO"
"5779";"ĂLE-DE-FRANCE";"NO"
"5798";"NADRENIA";"NO"
"5836";"ZATOKA TAJLANDZKA";"NO"
"5855";"Flandria";"NO"
"5858";"Jezioro Genewskie";"NO"
"5875";"Wschodnia Szwajcaria";"NO"
"5926";"ASTURIA";"NO"
"5935";"VALENCIA";"NO"
"5945";"Dolina Loary";"NO"
"5946";"Burgundia";"NO"
"5948";"Alzacja";"NO"
"5952";"PIKARDIA";"NO"
"5957";"OWERNIA";"NO"
"5971";"Prowansja";"NO"
"5983";"WALIA";"NO"
"5985";"Lefkada";"NO"
"6006";"PIEMONT - TURYN";"NO"
"6015";"FRIULI-VENEZIA GIULIA";"NO"
"6032";"GOZO";"NO"
"6050";"Alentejo";"NO"
"6099";"TYROL WSCH.";"NO"
"6107";"Ambergris Caye";"NO"
"6108";"Caulker Caye";"NO"
"6121";"Łotwa";"NO"
"6128";"Patagonia ";"NO"
"6211";"AKWITANIA";"NO"
"6302";"LACJUM";"NO"
"6359";"Wyspa Solta";"NO"
"6457";"ST. DOMENICA DI RICADI";"NO"
"6481";"GASCHURN";"NO"
"6530";"Wschodnia Prowincja";"NO"
"6532";"Hainaut ";"NO"
"6533";"Limburgia";"NO"
"6534";"Liege";"NO"
"6535";"Namur";"NO"
"6541";"Szlezwik";"NO"
"6542";"Odessa ";"NO"
"6543";"Jura Berneńska ";"NO"
"6549";"Wysoczyzna ";"NO"
"6597";"Północna Jutlandia ";"NO"
"6609";"Oberland";"NO"
"6618";"MORAITIKA";"NO"
"6620";"Connacht";"NO"
"6627";"Banat";"NO"
"6636";"BRAN";"NO"
"6651";"Casablanca";"NO"
"6719";"Sao  Vicente";"NO"
"6733";"MAGNY-LE-HONGRE";"NO"
"6745";"Kefalonia";"NO"
"6753";"Ljubljana";"NO"
"6778";"La Romana ";"NO"
"6837";"Lombok";"NO"
"6851";"OSSIACH";"NO"
"6859";"WILHELMSHAVEN";"NO"
"6876";"TABARZ";"NO"
"6891";"Belfast ";"NO"
"6908";"BALATONFÜRED";"NO"
"6923";"ASCONA";"NO"
"6977";"Norwegia Wschodnia";"NO"
"7049";"Doha";"NO"
"7054";"ELIA";"NO"
"7139";"Nevada";"NO"
"7153";"SANDTON";"NO"
"7211";"CHONBURI";"NO"
"7276";"Arizona";"NO"
"7277";"Utah";"NO"
"7299";"LEVICO TERME";"NO"
"7327";"LUTTACH";"NO"
"7363";"WIESBADEN";"NO"
"7374";"DURBAN";"NO"
"7390";"WILLINGEN";"NO"
"7391";"WILLINGEN-USSELN";"NO"
"7395";"WINTERBERG";"NO"
"7431";"STEGERSBACH";"NO"
"7648";"BUCHAREST";"NO"
"7649";"SINAIA";"NO"
"7650";"PREDEAL";"NO"
"7651";"Karpaty Rumuńskie";"NO"
"7669";"MARCIALLA";"NO"
"7682";"UMHLANGA";"NO"
"7718";"Martynika";"NO"
"7736";"Texas";"NO"
"7783";"TRAVEMÜNDE";"NO"
"7789";"TIMMENDORFER STRAND";"NO"
"7818";"Wielka Bahama";"NO"
"7857";"VELDEN";"NO"
"7913";"SOLOTHURN";"NO"
"7977";"Centralna Prowincja";"NO"
"8059";"PHANG NGA";"NO"
"8060";"PHANG-NGA";"NO"
"8065";"ST. PETER-ORDING";"NO"
"8089";"Kaliningrad";"NO"
"8112";"Południowa Szkocja ";"NO"
"8133";"TEISTUNGEN";"NO"
"8282";"PERISSA";"NO"
"8284";"KAMARI";"NO"
"8299";"HOI AN";"NO"
"8464";"Al Ain";"NO"
"8546";"BOLOGNA";"NO"
"8549";"VENEZIA";"NO"
"8590";"TARRAGONA";"NO"
"8621";"Ontario";"NO"
"8782";"VIENNA";"NO"
"8823";"Yukon";"NO"
"8838";"SCARLINO";"NO"
"8841";"ORBETELLO";"NO"
"8852";"WERNIGERODE";"NO"
"8873";"COLMAR";"NO"
"8875";"STRASBOURG";"NO"
"8893";"Ocho Rios";"NO"
"9045";"GARDONE RIVIERA";"NO"
"9099";"STRALSUND";"NO"
"9102";"WARNEMÜNDE";"NO"
"9107";"ZINGST";"NO"
"9116";"WISMAR";"NO"
"9195";"LA TRANCHE-SUR-MER";"NO"
"9225";"MILANO";"NO"
"9313";"LOS LLANOS DE ARIDANE";"NO"
"9399";"DAVOS DORF";"NO"
"9480";"WÜRZBURG";"NO"
"9497";"Tobago";"NO"
"9568";"Quebeck";"NO"
"9638";"Caprivi";"NO"
"9706";"Iowa";"NO"
"9764";"Saaremaa";"NO"
"9838";"SANYA";"NO"
"9948";"TRAT";"NO"
"9988";"WEISKIRCHEN";"NO"
"10207";"OBERHAUSEN";"NO"
"10279";"Luizjana";"NO"
"10289";"Sur";"NO"
"10292";"Wahiba Sands";"NO"
"10305";"RIPARBELLA";"NO"
"10310";"Munster";"NO"
"10366";"DELTA DUNARII";"NO"
"10375";"VIENA";"NO"
"10465";"Leros";"NO"
"10602";"BRASOV";"NO"
"10607";"COVASNA";"NO"
"10631";"GENEVA";"NO"
"10676";"Grandvalira";"NO"
"10918";"Śląsk";"NO"
"10919";"Litwa Wschodnia";"NO"
"10920";"Zatoka Fińska";"NO"
"10921";"Finlandia Środkowa";"NO"
"10922";"Leinster";"NO"
"10926";"Litwa Południowa";"NO"
"37827";"Mahajanga";"NO"
"37846";"Masyw Centralny";"NO"
"37847";"Diekirch";"NO"
"37848";"Grevenmacher ";"NO"
"37849";"Holandia Północna";"NO"
"37850";"Holandia Południowa";"NO"
"37852";"Preszów ";"NO"
"37853";"Kosice";"NO"
"37856";"Kornwalia ";"NO"
"37858";"Anglia Wschodnia";"NO"
"37860";"Yorkshire ";"NO"
"37864";"Montanhas";"NO"
"37869";"St. Maarten";"NO"
"37871";"Dolina Garonny";"NO"
"37873";"Anglia Płd. - Zach.";"NO"
"37875";"Anglia Płn. - Zach.";"NO"
"37890";"ABRUZZO";"NO"
"37896";"Lotaryngia";"NO"
"37898";"Emilia - Romania";"NO"
"37955";"Kastylia - La Mancha";"NO"
"37956";"Kastylia - Leon";"NO"
"37957";"Aragonia";"NO"
"37958";"Szampania ";"NO"
"37959";"Północna Francja";"NO"
"37964";"Bukareszt";"NO"
"38290";"Paraiba";"NO"
"38295";"Cartago";"NO"
"38300";"KERALA";"NO"
"38301";"Kolorado";"NO"
"38302";"Północne Wybrzeże Egejskie";"NO"
"38325";"Dhofar";"NO"
"38347";"Dolina Seretu";"NO"
"38349";"Transwal";"NO"
"38350";"Orania";"NO"
"38351";"Przylądek Północny";"NO"
"38352";"Przylądek Wschodni";"NO"
"38353";"Przylądek Zachodni";"NO"
"38354";"Antwerpia";"NO"
"38357";"St. Barthelemy";"NO"
"38358";"Anguilla";"NO"
"38360";"Pohjanmaa";"NO"
"38362";"Bazylikata";"NO"
"38364";"Slavonia";"NO"
"38376";"Wschodnie Puerto Rico";"NO"
"38384";"Północna Szwecja";"NO"
"38385";"Południowa Szwecja";"NO"
"38386";"Gotlandia";"NO"
"38387";"Wirginia";"NO"
"38388";"Pensylwania";"NO"
"38389";"Oregon";"NO"
"38390";"Północna Karolina";"NO"
"38391";"Południowa Karolina";"NO"
"38392";"Południowa Dakota";"NO"
"38393";"Nowy Meksyk";"NO"
"38394";"Costa De Prata";"NO"
"38395";"Góry Orlickie";"NO"
"38396";"Estremadura";"NO"
"38397";"Transylwania";"NO"
"38402";"Hesja";"NO"
"38410";"Nikozja";"NO"
"38412";"Antarktyda";"NO"
"38413";"Kolumbia Brytyjska";"NO"
"38417";"Port Antonio";"NO"
"38419";"Kingston";"NO"
"38420";"Wyspa Północna";"NO"
"38423";"Tennessee";"NO"
"38424";"Georgia";"NO"
"38425";"Nilandhe Atol";"NO"
"38427";"Nowa Szkocja";"NO"
"38428";"Manitoba";"NO"
"38429";"Berno";"NO"
"38430";"Wyspa Południowa";"NO"
"38431";"Boa Vista";"NO"
"38432";"Ilinois";"NO"
"38433";"Waszyngton";"NO"
"38437";"Litwa Zachodnia";"NO"
"38438";"Litwa Środkowa";"NO"
"38439";"Waszyngton D. C.";"NO"
"38440";"Północna Szkocja";"NO"
"38442";"Michigan";"NO"
"38443";"Montana";"NO"
"38445";"Santiago";"NO"
"38446";"Ryga";"NO"
"38447";"Liwlandia";"NO"
"38448";"Semigalia";"NO"
"38449";"Kurlandia";"NO"
"38450";"Łatgalia";"NO"
"38452";"Wybrzeże Azowskie";"NO"
"38453";"Wyspy Normandzkie";"NO"
"38454";"Grenada";"NO"
"38455";"Wyspa Fregate";"NO"
"38456";"Fogo";"NO"
"38457";"ALAJUELA";"NO"
"38458";"Limon";"NO"
"38459";"Heredia";"NO"
"38460";"Zachodnie Puerto Rico";"NO"
"38461";"Missouri";"NO"
"38462";"Indiana";"NO"
"38463";"Wyoming";"NO"
"38465";"Manzini";"NO"
"38467";"Północna Islandia";"NO"
"38468";"Południowa Islandia";"NO"
"38470";"Litwa Północna ";"NO"
"38471";"Anglia Śr. - Zach.";"NO"
"38472";"Anglia Płn. - Wsch.";"NO"
"38473";"Alberta";"NO"
"38475";"Norwegia Zachodnia";"NO"
"38495";"Góry Troodos";"NO"
"38496";"Karas";"NO"
"38500";"Tirana";"NO"
"38501";"Sarajewo";"NO"
"38502";"Manila";"NO"
"38505";"Pretoria";"NO"
"38543";"Oshana";"NO"
"38544";"Erongo";"NO"
"38545";"Khomas";"NO"
"38567";"Ameryka Północna";"NO"
"38575";"Grecka Macedonia";"NO"
"38590";"Long Island";"NO"
"38660";"Skiathos";"NO"
"38663";"Anglia Śr. - Wsch.";"NO"
"38664";"New Hampshire ";"NO"
"38665";"Vermont ";"NO"
"38666";"Maine ";"NO"
"38667";"Rhode Island ";"NO"
"38668";"Connecticut ";"NO"
"38669";"Maryland";"NO"
"38672";"New Jersey";"NO"
"38674";"Antsiranana";"NO"
"38701";"Zielone Wybrzeże ";"NO"
"38706";"ILLINOIS";"NO"
"38722";"Cardiff ";"NO"
"38723";"Pembroke ";"NO"
"38724";"Powys ";"NO"
"38725";"Gwynedd ";"NO"
"38726";"Clwyd ";"NO"
"38727";"Antrim";"NO"
"38730";"Fermanagh ";"NO"
"38732";"Down ";"NO"
"38733";"Wyspy Galapagos";"NO"
"38742";"Grenlandia ";"NO"
"38743";"Środkowa Szwecja ";"NO"
"38744";"Norwegia Środkowa ";"NO"
"38747";"Północny Izrael ";"NO"
"38749";"Dolina Petry ";"NO"
"38753";"Las Czeski ";"NO"
"38755";"Samaria ";"NO"
"38761";"Norwegia Południowa ";"NO"
"38762";"Norwegia Północna ";"NO"
"38771";"Hercegowina";"NO"
"38788";"Tajlandia Północna ";"NO"
"38790";"Równiny Centralne ";"NO"
"38791";"Wybrzeże Andamańskie ";"NO"
"38793";"Florencja ";"NO"
"38796";"Wyspy Liparyjskie ";"NO"
"38798";"Costa Pacyfica ";"NO"
"38799";"Costa Norte ";"NO"
"38814";"Słowenia Wschodnia ";"NO"
"38815";"Pohorje - Savinjska ";"NO"
"38816";"Słowenia Pd. - Wsch. ";"NO"
"38817";"Andy Kolumbijskie";"NO"
"38820";"Karpaty Ukraińskie ";"NO"
"38826";"Dystrykt Luksemburg ";"NO"
"38840";"Watykan ";"NO"
"38847";"Al Karak ";"NO"
"38862";"Wybrzeże Jońskie ";"NO"
"38866";"Dolina Parany ";"NO"
"38867";"Pampa ";"NO"
"38871";"Pristina ";"NO"
"38891";"Honsiu ";"NO"
"38895";"Okinawa ";"NO"
"38898";"Himalaje Indyjskie ";"NO"
"38899";"Wyżyna Dekan ";"NO"
"38902";"Pustynia Thar ";"NO"
"38905";"Wybrzeże Malabarskie";"NO"
"38906";"Wybrzeże Maharashtra";"NO"
"38908";"Laanemaa ";"NO"
"38911";"Jarvamaa ";"NO"
"38912";"Ugandi ";"NO"
"38913";"Virumaa ";"NO"
"38914";"Mohu ";"NO"
"38916";"Cukurova ";"NO"
"38917";"Anatolia Centralna";"NO"
"38919";"Tracja ";"NO"
"38920";"Marmara ";"NO"
"38921";"Anatolia Pd. - Wsch.";"NO"
"38938";"Mary";"NO"
"38949";"Dhaka ";"NO"
"38954";"Laos Północny ";"NO"
"38961";"Opolszczyzna ";"NO"
"38971";"Góry Dynarskie ";"NO"
"38997";"OVERIJSSEL";"NO"
"39007";"BALEARIC ISLANDS";"NO"
"39072";"Nizina Górnotracka";"NO"
"39073";"Rodopy";"NO"
"39074";"Pirin";"NO"
"39081";"Adżaria";"NO"
"39086";"Kartlia";"NO"
"39093";"Kiszyniów";"NO"
"39096";"AJMAN";"NO"
"39097";"Łódzkie";"NO"
"39105";"Witebski";"NO"
"39106";"Grodzieński";"NO"
"39108";"Mohylewski";"NO"
"39109";"Brzeski";"NO"
"39110";"Homelski";"NO"
"39112";"Pahar";"NO"
"39115";"Kathmandu";"NO"
"39127";"Północny Kaukaz";"NO"
"39148";"Nizina Wschodnioeuropejska";"NO"
"39164";"0";"NO"
"39179";"Bejrut ";"NO"
"39195";"Wyspa Bird";"NO"
"39198";"Wielki Rów ";"NO"
"39203";"Wybrzeże Mombasy";"NO"
"39204";"Wybrzeże Malindi";"NO"
"39207";"PENNSYLVANIA";"NO"
"39210";"Wybrzeże Żółte";"NO"
"39219";"Syczuan";"NO"
"39220";"Wyżyna Południowo - Wschodnia";"NO"
"39222";"Góry Wschodniochińskie";"NO"
"39223";"Wyżyna Junkuej";"NO"
"39244";"Mezopotamia ";"NO"
"39250";"Najd ";"NO"
"39258";"SALISBURGHESE";"NO"
"39261";"CARINZIA";"NO"
"39262";"STIRIA";"NO"
"39309";"BARCELLONA";"NO"
"39315";"ALSAZIA";"NO"
"39325";"CENTRO";"NO"
"39346";"GALLES";"NO"
"39377";"SARDEGNA";"NO"
"39381";"MASOVIA";"NO"
"39441";"Sawonia";"NO"
"39446";"Wybrzeże Krasnodarskie";"NO"
"39447";"Ma an";"NO"
"39450";"Południowe Pireneje";"NO"
"39475";"Delta Seybouse";"NO"
"39480";"ALGIER";"NO"
"39484";"Południowy Brzeg";"NO"
"39505";"Równina Kambodżańska";"NO"
"39532";"BERNE";"NO"
"39533";"OPPLAND";"NO"
"39550";"TRIESTE";"NO"
"39556";"WIELKOPOLSKIE";"NO"
"39562";"CALIFORNIA";"NO"
"39575";"CUNDINAMARCA";"NO"
"39585";"Baja California";"NO"
"39605";"PARANA";"NO"
"39607";"DISTRICT OF COLUMBIA";"NO"
"39623";"Wisconsin";"NO"
"39650";"RAYONG";"NO"
"39652";"BASLE-COUNTRY";"NO"
"39654";"QUERETARO";"NO"
"39660";"SKANE";"NO"
"39672";"Bazylea";"NO"
"39715";"Maranhao";"NO"
"39746";"Wybrzeże Hawany";"NO"
"39747";"Zatoka Batabano";"NO"
"39748";"Cienfuegos";"NO"
"39749";"Camaguey";"NO"
"39750";"Zatoka Guacanayabo";"NO"
"39752";"Sierra Maestra";"NO"
"39756";"Atlas Środkowy";"NO"
"39757";"Atlas Wysoki";"NO"
"39759";"Antyatlas";"NO"
"39760";"Sahara Marokańska";"NO"
"39763";"Nizina Dakkala";"NO"
"39802";"Amazonia Brazylijska";"NO"
"39804";"Serra do Espinhaco";"NO"
"39806";"Serra Do Mar";"NO"
"39808";"Mato Grosso";"NO"
"39816";"Nizina Wołoska";"NO"
"39863";"CEUTA";"NO"
"39871";"RIO NEGRO";"NO"
"39877";"PERNAMBUCO";"NO"
"39928";"GUANAJUATO";"NO"
"39943";"Ohio";"NO"
"39946";"Alabama";"NO"
"39949";"Kentucky";"NO"
"39974";"NONTHABURI";"NO"
"39975";"ATLANTICO";"NO"
"39976";"MALOPOLSKIE";"NO"
"39977";"PRAHOVA";"NO"
"40018";"COAHUILA";"NO"
"40025";"Managua";"NO"
"40031";"Kalimantan";"NO"
"40032";"Sumatra";"NO"
"40033";"Jawa";"NO"
"40042";"Kaolack";"NO"
"40054";"ISTANBUŁ";"NO"
"40065";"DŻAKARTA";"NO"
"40094";"BUSKERUD";"NO"
"40145";"DELAWARE";"NO"
"40207";"POMORSKIE";"NO"
"40247";"Wybrzeże Rivas";"NO"
"40248";"Sierra Madre del Sur";"NO"
"40252";"Wyżyna Meksykańska";"NO"
"40253";"Sierra Madre Zachodnia";"NO"
"40255";"Zatoka Meksykańska";"NO"
"40256";"Sierra Madre Wschodnia";"NO"
"40267";"Nizina Akka";"NO"
"40272";"Nizina Sur";"NO"
"40280";"Północna Prowincja";"NO"
"40378";"Pwani";"NO"
"40384";"Serengeti";"NO"
"40442";"Belize Północne";"NO"
"40542";"Andhra Pradesh";"NO"
"40546";"Phnom Penh";"NO"
"40552";"Zatoka Omańska";"NO"
"40553";"Góry Hajar";"NO"
"40575";"Wyspa Phu Quoc";"NO"
"40580";"Półwysep Ca Mau";"NO"
"40585";"Wybrzeże Morza Południowochińskiego";"NO"
"40591";"Zatoka Kyonggi";"NO"
"40594";"Wybrzeże Morza Japońskiego";"NO"
"40599";"Jeju";"NO"
"40600";"Cieśnina Koreańska";"NO"
"40612";"Abudża";"NO"
"40620";"Taipei";"NO"
"40632";"Salwador Zachodni";"NO"
"40717";"Lubombo";"NO"
"40721";"Portland Bight";"NO"
"40725";"Amiranty";"NO"
"40735";"Viti Levu";"NO"
"40737";"Kraj Zadunajski";"NO"
"40738";"Wielka Nizina Węgierska";"NO"
"40786";"LUQA";"NO"
"40809";"Środkowe Puerto Rico";"NO"
"40847";"Santo Antao";"NO"
"40943";"Morze Karaibskie";"NO"
"40944";"Saint Vincent i Grenadyny";"NO"
"41012";"Zachodnie Cibao";"NO"
"41112";"SANTA CLARA";"NO"
"41340";"CADICE";"NO"
"41342";"Brytyjskie Wyspy Dziewicze";"NO"
"41516";"PLAYA SANTANA";"NO"
"50035";"Stan Nowy Jork";"NO"
"50073";"Santorini";"NO"
"50090";"Milos";"NO"
"50146";"SARANDA";"NO"
"50149";"Paros";"NO"
"50156";"PECHINO";"NO"
"50198";"NIECHORZE";"NO"
"50281";"ANGLIA PD. - WSCH.";"NO"
"50326";"SIEM REAP";"NO"
"50400";"Skopelos";"NO"
"50404";"SAN PIETROBURGO";"NO"
"50417";"IOS";"NO"
"50423";"JERICOACOARA";"NO"
"50434";"ANDALUSIA";"NO"
"50579";"MUGLA";"NO"
"50580";"KIBRIS";"NO"
"50581";"KALKAN";"NO"
"50736";"BRAZYLIA - RIO DE JANEIRO";"NO"
"50737";"BOHOL";"NO"
"50738";"SAMUI";"NO"
"50739";"KHAIMAH";"NO"
"50740";"MUI NE";"NO"
"50759";"Pustynia Ar-Rab al-Chali";"NO"
"50812";"VERBIER";"NO"
"50831";"Góry Palandoken";"NO"
"50843";"Afryka Południowa";"NO"
"50844";"Azja Południowo - Wschodnia";"NO"
"50846";"Meksykańska Riwiera";"NO"
"50847";"Morze Śródziemne (wschodnie)";"NO"
"50848";"Południowy Pacyfik";"NO"
"50850";"Karaiby (południowe)";"NO"
"50851";"Morze Śródziemne (zachodnie)";"NO"
"50852";"Podróż Dookoła Świata";"NO"
"50854";"Dookoła Afryki";"NO"
"50855";"Rzeka- Elba- Mołdawia- Odra- Wisła";"NO"
"50856";"Ameryka Pn - Wybrzeże Zachodnie";"NO"
"50857";"Dookoła Ameryki Płd";"NO"
"50858";"Morze Śródziemne (centralne)";"NO"
"50859";"Rzeka - Łaba";"NO"
"50899";"Morze Tasmana";"NO"
"50901";"Morze Wschodniochińskie";"NO"
"50934";"Ameryka Pn Wybrzeże Wschodnie";"NO"
"50935";"Karaiby (wschodnie)";"NO"
"50936";"Karaiby (zachodnie)";"NO"
"50939";"ATLANTYK EUROPA";"NO"
"50942";"Dookoła Europy Zachodniej";"NO"
"50944";"Daleki Wschód";"NO"
"50945";"Transafryka";"NO"
"50946";"TRANSORIENT";"NO"
"50949";"Transameryka";"NO"
"50951";"TRANSAZJA";"NO"
"50965";"Morze Południowochińskie";"NO"
"50966";"RZEKA-DUNAJ-DELTA DUNAJU";"NO"
"50967";"Rzeka - Ren";"NO"
"50968";"Rzeka - Mozela";"NO"
"50969";"Rzeka - Rejsy";"NO"
"50970";"RZEKA-SEINE-RODAN-SAONA";"NO"
"50971";"Rzeka - Men";"NO"
"50972";"RZEKA-HISZPANIA-PORTUGALIA";"NO"
"50973";"Grenlandia / Islandia";"NO"
"50974";"Rzeka - Dniepr - Wołga - Don - M. Czarne";"NO"
"50975";"RZEKA-JANGCY-MEKONG";"NO"
"51097";"Itaka";"NO"
"51154";"Andros";"NO"
"51387";"NEVIS";"NO"
"51398";"AKBUK";"NO"
"51399";"GCEK";"NO"
"51572";"WC2B 4BU";"NO"
"51616";"RODAN-ALPY";"NO"
"51655";"PATMOS";"NO"
"51673";"VILANOVA I LA GELTRU";"NO"
"51725";"ILAWA";"NO"
"51868";"SWINEMUNDE";"NO"
"51892";"DONORATICO (LI.)";"NO"
"51914";"BALIKESIR";"NO"
"51915";"TAKSIM";"NO"
"51917";"SAPANCA";"NO"
"51925";"Zarzis";"NO"
"51994";"KAS";"NO"
"52006";"MARKIZY";"NO"
"52018";"Tinos";"NO"
"52036";"Limnos";"NO"
"52037";"KALIMNOS";"NO"
"52038";"SIMI";"NO"
"52039";"DATCA";"NO"
"52065";"Z";"NO"
"52076";"Active Travel";"NO"
"52114";"DIDYMA";"NO"
"52129";"NARODOWE TERYTORIUM STOĂÂECZNE DELHI";"NO"
"52151";"Nisiros";"NO"
"52195";"GLTRKBK";"NO"
"52417";"MIERZYN";"NO"
"52419";"VAE";"NO"
"52420";"BANGKOK-HUA HIN";"NO"
"52421";"SKI AMADEE";"NO"
